"","a",""
"1","1","small act when multiplied by millions of people can transform the world tcoampolbh"
"2","1","madhukishwar  sonalmansingh  meenakshisharan  chaarulataa  adgpi  republic agniveer  asyounotwish  tcotcmsibkmz"
"3","1","sonalmansingh so true"
"4","1","rt rahulpandita in  when weapons were entering kashmir tied to the bellies of sheep farooq saab was dancing with sonal mansingh ji "
"5","1","the best day of yr life is the one on which u decide your life  is your own  no apologies or excuses  no one to l  tcofzehkds"
"6","1","rt rahulpandita in  when weapons were entering kashmir tied to the bellies of sheep farooq saab was dancing with sonal mansingh ji "
"7","1","rt rahulpandita in  when weapons were entering kashmir tied to the bellies of sheep farooq saab was dancing with sonal mansingh ji "
"8","1","rt rahulpandita in  when weapons were entering kashmir tied to the bellies of sheep farooq saab was dancing with sonal mansingh ji "
"9","1","rt rahulpandita in  when weapons were entering kashmir tied to the bellies of sheep farooq saab was dancing with sonal mansingh ji "
"10","1","rt rahulpandita in  when weapons were entering kashmir tied to the bellies of sheep farooq saab was dancing with sonal mansingh ji "
"11","1","rt rahulpandita in  when weapons were entering kashmir tied to the bellies of sheep farooq saab was dancing with sonal mansingh ji "
"12","1","rt rahulpandita in  when weapons were entering kashmir tied to the bellies of sheep farooq saab was dancing with sonal mansingh ji "
"13","1","rt rahulpandita in  when weapons were entering kashmir tied to the bellies of sheep farooq saab was dancing with sonal mansingh ji "
"14","1","rt rahulpandita in  when weapons were entering kashmir tied to the bellies of sheep farooq saab was dancing with sonal mansingh ji "
"15","1","sonalmansingh gud evening mme kaise hain aap warm regards"
"16","1","humility amp kindness are always in fashion tcozwnmaqku"
"17","1","rt rahulpandita in  when weapons were entering kashmir tied to the bellies of sheep farooq saab was dancing with sonal mansingh ji "
"18","1","rt rahulpandita in  when weapons were entering kashmir tied to the bellies of sheep farooq saab was dancing with sonal mansingh ji "
"19","1","rt rahulpandita in  when weapons were entering kashmir tied to the bellies of sheep farooq saab was dancing with sonal mansingh ji "
"20","1","rt rahulpandita in  when weapons were entering kashmir tied to the bellies of sheep farooq saab was dancing with sonal mansingh ji "
"21","1","rt rahulpandita in  when weapons were entering kashmir tied to the bellies of sheep farooq saab was dancing with sonal mansingh ji "
"22","1","rt rahulpandita in  when weapons were entering kashmir tied to the bellies of sheep farooq saab was dancing with sonal mansingh ji "
"23","1","rt rahulpandita in  when weapons were entering kashmir tied to the bellies of sheep farooq saab was dancing with sonal mansingh ji "
"24","1","rt rahulpandita in  when weapons were entering kashmir tied to the bellies of sheep farooq saab was dancing with sonal mansingh ji "
"25","1","rt rahulpandita in  when weapons were entering kashmir tied to the bellies of sheep farooq saab was dancing with sonal mansingh ji "
"26","1","rt rahulpandita in  when weapons were entering kashmir tied to the bellies of sheep farooq saab was dancing with sonal mansingh ji "
"27","1","rt rahulpandita in  when weapons were entering kashmir tied to the bellies of sheep farooq saab was dancing with sonal mansingh ji "
"28","1","rt rahulpandita in  when weapons were entering kashmir tied to the bellies of sheep farooq saab was dancing with sonal mansingh ji "
"29","1","rt rahulpandita in  when weapons were entering kashmir tied to the bellies of sheep farooq saab was dancing with sonal mansingh ji "
"30","1","rt rahulpandita in  when weapons were entering kashmir tied to the bellies of sheep farooq saab was dancing with sonal mansingh ji "
"31","1","rt rahulpandita in  when weapons were entering kashmir tied to the bellies of sheep farooq saab was dancing with sonal mansingh ji "
"32","1","rt rahulpandita in  when weapons were entering kashmir tied to the bellies of sheep farooq saab was dancing with sonal mansingh ji "
"33","1","rt rahulpandita in  when weapons were entering kashmir tied to the bellies of sheep farooq saab was dancing with sonal mansingh ji "
"34","1","rt rahulpandita in  when weapons were entering kashmir tied to the bellies of sheep farooq saab was dancing with sonal mansingh ji "
"35","1","rt rahulpandita in  when weapons were entering kashmir tied to the bellies of sheep farooq saab was dancing with sonal mansingh ji "
"36","1","rt rahulpandita in  when weapons were entering kashmir tied to the bellies of sheep farooq saab was dancing with sonal mansingh ji "
"37","1","rt rahulpandita in  when weapons were entering kashmir tied to the bellies of sheep farooq saab was dancing with sonal mansingh ji "
"38","1","rt rahulpandita in  when weapons were entering kashmir tied to the bellies of sheep farooq saab was dancing with sonal mansingh ji "
"39","1","rt rahulpandita in  when weapons were entering kashmir tied to the bellies of sheep farooq saab was dancing with sonal mansingh ji "
"40","1","rt rahulpandita in  when weapons were entering kashmir tied to the bellies of sheep farooq saab was dancing with sonal mansingh ji "
"41","1","rt rahulpandita in  when weapons were entering kashmir tied to the bellies of sheep farooq saab was dancing with sonal mansingh ji "
"42","1","rt rahulpandita in  when weapons were entering kashmir tied to the bellies of sheep farooq saab was dancing with sonal mansingh ji "
"43","1","rt rahulpandita in  when weapons were entering kashmir tied to the bellies of sheep farooq saab was dancing with sonal mansingh ji "
"44","1","rt rahulpandita in  when weapons were entering kashmir tied to the bellies of sheep farooq saab was dancing with sonal mansingh ji "
"45","1","rt rahulpandita in  when weapons were entering kashmir tied to the bellies of sheep farooq saab was dancing with sonal mansingh ji "
"46","1","rt rahulpandita in  when weapons were entering kashmir tied to the bellies of sheep farooq saab was dancing with sonal mansingh ji "
"47","1","rt rahulpandita in  when weapons were entering kashmir tied to the bellies of sheep farooq saab was dancing with sonal mansingh ji "
"48","1","rt rahulpandita in  when weapons were entering kashmir tied to the bellies of sheep farooq saab was dancing with sonal mansingh ji "
"49","1","rt rahulpandita in  when weapons were entering kashmir tied to the bellies of sheep farooq saab was dancing with sonal mansingh ji "
"50","1","rt rahulpandita in  when weapons were entering kashmir tied to the bellies of sheep farooq saab was dancing with sonal mansingh ji "
"51","1","rt rahulpandita in  when weapons were entering kashmir tied to the bellies of sheep farooq saab was dancing with sonal mansingh ji "
"52","1","rt rahulpandita in  when weapons were entering kashmir tied to the bellies of sheep farooq saab was dancing with sonal mansingh ji "
"53","1","rt rahulpandita in  when weapons were entering kashmir tied to the bellies of sheep farooq saab was dancing with sonal mansingh ji "
"54","1","rt rahulpandita in  when weapons were entering kashmir tied to the bellies of sheep farooq saab was dancing with sonal mansingh ji "
"55","1","rt rahulpandita in  when weapons were entering kashmir tied to the bellies of sheep farooq saab was dancing with sonal mansingh ji "
"56","1","rt rahulpandita in  when weapons were entering kashmir tied to the bellies of sheep farooq saab was dancing with sonal mansingh ji "
"57","1","rt rahulpandita in  when weapons were entering kashmir tied to the bellies of sheep farooq saab was dancing with sonal mansingh ji "
"58","1","rt rahulpandita in  when weapons were entering kashmir tied to the bellies of sheep farooq saab was dancing with sonal mansingh ji "
"59","1","rt rahulpandita in  when weapons were entering kashmir tied to the bellies of sheep farooq saab was dancing with sonal mansingh ji "
"60","1","rt rahulpandita in  when weapons were entering kashmir tied to the bellies of sheep farooq saab was dancing with sonal mansingh ji "
"61","1","rt rahulpandita in  when weapons were entering kashmir tied to the bellies of sheep farooq saab was dancing with sonal mansingh ji "
"62","1","rt rahulpandita in  when weapons were entering kashmir tied to the bellies of sheep farooq saab was dancing with sonal mansingh ji "
"63","1","rt rahulpandita in  when weapons were entering kashmir tied to the bellies of sheep farooq saab was dancing with sonal mansingh ji "
"64","1","rt rahulpandita in  when weapons were entering kashmir tied to the bellies of sheep farooq saab was dancing with sonal mansingh ji "
"65","1","rt rahulpandita in  when weapons were entering kashmir tied to the bellies of sheep farooq saab was dancing with sonal mansingh ji "
"66","1","rt rahulpandita in  when weapons were entering kashmir tied to the bellies of sheep farooq saab was dancing with sonal mansingh ji "
"67","1","rt rahulpandita in  when weapons were entering kashmir tied to the bellies of sheep farooq saab was dancing with sonal mansingh ji "
"68","1","rt rahulpandita in  when weapons were entering kashmir tied to the bellies of sheep farooq saab was dancing with sonal mansingh ji "
"69","1","rt rahulpandita in  when weapons were entering kashmir tied to the bellies of sheep farooq saab was dancing with sonal mansingh ji "
"70","1","rt rahulpandita in  when weapons were entering kashmir tied to the bellies of sheep farooq saab was dancing with sonal mansingh ji "
"71","1","rt rahulpandita in  when weapons were entering kashmir tied to the bellies of sheep farooq saab was dancing with sonal mansingh ji "
"72","1","rt rahulpandita in  when weapons were entering kashmir tied to the bellies of sheep farooq saab was dancing with sonal mansingh ji "
"73","1","rt rahulpandita in  when weapons were entering kashmir tied to the bellies of sheep farooq saab was dancing with sonal mansingh ji "
"74","1","rt rahulpandita in  when weapons were entering kashmir tied to the bellies of sheep farooq saab was dancing with sonal mansingh ji "
"75","1","rt rahulpandita in  when weapons were entering kashmir tied to the bellies of sheep farooq saab was dancing with sonal mansingh ji "
"76","1","rt rahulpandita in  when weapons were entering kashmir tied to the bellies of sheep farooq saab was dancing with sonal mansingh ji "
"77","1","rt rahulpandita in  when weapons were entering kashmir tied to the bellies of sheep farooq saab was dancing with sonal mansingh ji "
"78","1","rt rahulpandita in  when weapons were entering kashmir tied to the bellies of sheep farooq saab was dancing with sonal mansingh ji "
"79","1","rt rahulpandita in  when weapons were entering kashmir tied to the bellies of sheep farooq saab was dancing with sonal mansingh ji "
"80","1","rt rahulpandita in  when weapons were entering kashmir tied to the bellies of sheep farooq saab was dancing with sonal mansingh ji "
"81","1","rt rahulpandita in  when weapons were entering kashmir tied to the bellies of sheep farooq saab was dancing with sonal mansingh ji "
"82","1","rt rahulpandita in  when weapons were entering kashmir tied to the bellies of sheep farooq saab was dancing with sonal mansingh ji "
"83","1","retweeted rahul pandita rahulpandita  in  when weapons were entering kashmir tied to the bellies of sheep  tcowrrogdun"
"84","1","rt rahulpandita in  when weapons were entering kashmir tied to the bellies of sheep farooq saab was dancing with sonal mansingh ji "
"85","1","rt rahulpandita in  when weapons were entering kashmir tied to the bellies of sheep farooq saab was dancing with sonal mansingh ji "
"86","1","rt rahulpandita in  when weapons were entering kashmir tied to the bellies of sheep farooq saab was dancing with sonal mansingh ji "
"87","1","rt rahulpandita in  when weapons were entering kashmir tied to the bellies of sheep farooq saab was dancing with sonal mansingh ji "
"88","1","rt rahulpandita in  when weapons were entering kashmir tied to the bellies of sheep farooq saab was dancing with sonal mansingh ji "
"89","1","rt rahulpandita in  when weapons were entering kashmir tied to the bellies of sheep farooq saab was dancing with sonal mansingh ji "
"90","1","rt rahulpandita in  when weapons were entering kashmir tied to the bellies of sheep farooq saab was dancing with sonal mansingh ji "
"91","1","rt rahulpandita in  when weapons were entering kashmir tied to the bellies of sheep farooq saab was dancing with sonal mansingh ji "
"92","1","rt rahulpandita in  when weapons were entering kashmir tied to the bellies of sheep farooq saab was dancing with sonal mansingh ji "
"93","1","rt rahulpandita in  when weapons were entering kashmir tied to the bellies of sheep farooq saab was dancing with sonal mansingh ji "
"94","1","rt rahulpandita in  when weapons were entering kashmir tied to the bellies of sheep farooq saab was dancing with sonal mansingh ji "
"95","1","rt rahulpandita in  when weapons were entering kashmir tied to the bellies of sheep farooq saab was dancing with sonal mansingh ji "
"96","1","rt rahulpandita in  when weapons were entering kashmir tied to the bellies of sheep farooq saab was dancing with sonal mansingh ji "
"97","1","rt rahulpandita in  when weapons were entering kashmir tied to the bellies of sheep farooq saab was dancing with sonal mansingh ji "
"98","1","rt rahulpandita in  when weapons were entering kashmir tied to the bellies of sheep farooq saab was dancing with sonal mansingh ji "
"99","1","rt rahulpandita in  when weapons were entering kashmir tied to the bellies of sheep farooq saab was dancing with sonal mansingh ji "
"100","1","rt rahulpandita in  when weapons were entering kashmir tied to the bellies of sheep farooq saab was dancing with sonal mansingh ji "
