"abilities","happy"
"ability","happy"
"absolve","happy"
"absolved","happy"
"absolves","happy"
"absolving","happy"
"accomplish","happy"
"accomplished","happy"
"accomplishes","happy"
"acquit","happy"
"acquits","happy"
"acquitted","happy"
"acquitting","happy"
"admire","happy"
"admired","happy"
"admires","happy"
"admiring","happy"
"adorable","happy"
"adore","happy"
"adored","happy"
"adores","happy"
"advantage","happy"
"advantages","happy"
"adventure","happy"
"adventures","happy"
"adventurous","happy"
"affection","happy"
"affectionate","happy"
"agog","happy"
"agreeable","happy"
"amaze","happy"
"amazed","happy"
"amazes","happy"
"ambitious","happy"
"amuse","happy"
"amused","happy"
"amusement","happy"
"amusements","happy"
"appease","happy"
"appeased","happy"
"appeases","happy"
"appeasing","happy"
"applaud","happy"
"applauded","happy"
"applauding","happy"
"applauds","happy"
"applause","happy"
"appreciate","happy"
"appreciated","happy"
"appreciates","happy"
"appreciating","happy"
"appreciation","happy"
"approval","happy"
"approved","happy"
"approves","happy"
"asset","happy"
"assets","happy"
"astonished","happy"
"astound","happy"
"astounded","happy"
"astounding","happy"
"astoundingly","happy"
"astounds","happy"
"attracting","happy"
"attraction","happy"
"attractions","happy"
"audacious","happy"
"avid","happy"
"award","happy"
"awarded","happy"
"awards","happy"
"backing","happy"
"bargain","happy"
"beatific","happy"
"beauties","happy"
"beautiful","happy"
"beautifully","happy"
"beautify","happy"
"beloved","happy"
"benefit","happy"
"benefits","happy"
"benefitted","happy"
"benefitting","happy"
"best","happy"
"better","happy"
"bless","happy"
"blesses","happy"
"blessing","happy"
"bliss","happy"
"blissful","happy"
"blithe","happy"
"blockbuster","happy"
"bold","happy"
"boldly","happy"
"brave","happy"
"breakthrough","happy"
"brightest","happy"
"brisk","happy"
"buoyant","happy"
"calm","happy"
"calmed","happy"
"calming","happy"
"calms","happy"
"captivated","happy"
"care","happy"
"careful","happy"
"carefully","happy"
"cares","happy"
"celebrate","happy"
"celebrated","happy"
"celebrates","happy"
"celebrating","happy"
"chance","happy"
"chances","happy"
"charm","happy"
"charming","happy"
"cheer","happy"
"cheered","happy"
"cheerful","happy"
"cheering","happy"
"cheers","happy"
"cheery","happy"
"cherish","happy"
"cherished","happy"
"cherishes","happy"
"cherishing","happy"
"chic","happy"
"clarifies","happy"
"clarity","happy"
"classy","happy"
"clean","happy"
"cleaner","happy"
"clever","happy"
"comfort","happy"
"comfortable","happy"
"comforting","happy"
"comforts","happy"
"commend","happy"
"commended","happy"
"commitment","happy"
"compassionate","happy"
"competent","happy"
"competitive","happy"
"comprehensive","happy"
"conciliate","happy"
"conciliated","happy"
"conciliates","happy"
"conciliating","happy"
"confidence","happy"
"confident","happy"
"congrats","happy"
"congratulate","happy"
"congratulation","happy"
"congratulations","happy"
"consent","happy"
"consents","happy"
"consolable","happy"
"convivial","happy"
"cool stuff","happy"
"courage","happy"
"courageous","happy"
"courteous","happy"
"courtesy","happy"
"coziness","happy"
"creative","happy"
"cute","happy"
"daredevil","happy"
"daring","happy"
"dauntless","happy"
"dear","happy"
"dearly","happy"
"debonair","happy"
"dedicated","happy"
"defender","happy"
"defenders","happy"
"delight","happy"
"delighted","happy"
"delighting","happy"
"delights","happy"
"desirable","happy"
"desired","happy"
"desirous","happy"
"determined","happy"
"devoted","happy"
"eager","happy"
"earnest","happy"
"ease","happy"
"effective","happy"
"effectively","happy"
"elated","happy"
"elation","happy"
"elegant","happy"
"elegantly","happy"
"empathetic","happy"
"enchanted","happy"
"encourage","happy"
"encouraged","happy"
"encouragement","happy"
"encourages","happy"
"endorse","happy"
"endorsed","happy"
"endorsement","happy"
"endorses","happy"
"energetic","happy"
"enjoy","happy"
"enjoying","happy"
"enjoys","happy"
"enlighten","happy"
"enlightened","happy"
"enlightening","happy"
"enlightens","happy"
"enrapture","happy"
"entertaining","happy"
"enthral","happy"
"enthusiastic","happy"
"entrusted","happy"
"esteemed","happy"
"ethical","happy"
"euphoria","happy"
"exasperated","happy"
"excellence","happy"
"excellent","happy"
"excite","happy"
"excited","happy"
"excitement","happy"
"exciting","happy"
"exclusive","happy"
"exhilarated","happy"
"exhilarates","happy"
"exhilarating","happy"
"exonerate","happy"
"exonerated","happy"
"exonerates","happy"
"exonerating","happy"
"exultant","happy"
"exultantly","happy"
"fair","happy"
"faithful","happy"
"fan","happy"
"fascinate","happy"
"fascinated","happy"
"fascinates","happy"
"fascinating","happy"
"favor","happy"
"favored","happy"
"favorite","happy"
"favorited","happy"
"favorites","happy"
"favors","happy"
"fearless","happy"
"fervent","happy"
"fervid","happy"
"festive","happy"
"fine","happy"
"flagship","happy"
"focused","happy"
"fond","happy"
"fondness","happy"
"fortunate","happy"
"freedom","happy"
"friendly","happy"
"frisky","happy"
"ftw","happy"
"fulfill","happy"
"fulfilled","happy"
"fulfills","happy"
"funky","happy"
"futile","happy"
"gain","happy"
"gained","happy"
"gaining","happy"
"gains","happy"
"gallant","happy"
"gallantly","happy"
"gallantry","happy"
"generous","happy"
"genial","happy"
"gift","happy"
"glad","happy"
"glamorous","happy"
"glamourous","happy"
"glee","happy"
"gleeful","happy"
"glorious","happy"
"glory","happy"
"good","happy"
"goodness","happy"
"gracious","happy"
"grand","happy"
"grateful","happy"
"gratification","happy"
"great","happy"
"greater","happy"
"greatest","happy"
"greetings","happy"
"growth","happy"
"ha","happy"
"haha","happy"
"hahaha","happy"
"hahahah","happy"
"hail","happy"
"hailed","happy"
"happiness","happy"
"happy","happy"
"hardier","happy"
"hardy","happy"
"healthy","happy"
"heartfelt","happy"
"heaven","happy"
"help","happy"
"helpful","happy"
"helping","happy"
"helps","happy"
"hero","happy"
"heroes","happy"
"heroic","happy"
"highlight","happy"
"hilarious","happy"
"honest","happy"
"honor","happy"
"honored","happy"
"honoring","happy"
"honour","happy"
"honoured","happy"
"honouring","happy"
"hope","happy"
"hopeful","happy"
"hopefully","happy"
"hopes","happy"
"hoping","happy"
"hug","happy"
"hugs","happy"
"humerous","happy"
"humor","happy"
"humorous","happy"
"humour","happy"
"humourous","happy"
"immortal","happy"
"importance","happy"
"important","happy"
"impress","happy"
"impressed","happy"
"impresses","happy"
"impressive","happy"
"improve","happy"
"improved","happy"
"improvement","happy"
"improves","happy"
"improving","happy"
"indestructible","happy"
"infatuated","happy"
"infatuation","happy"
"influential","happy"
"innovative","happy"
"inquisitive","happy"
"inspiration","happy"
"inspirational","happy"
"inspire","happy"
"inspired","happy"
"inspires","happy"
"inspiring","happy"
"intact","happy"
"integrity","happy"
"intelligent","happy"
"interested","happy"
"interesting","happy"
"intricate","happy"
"invincible","happy"
"invulnerable","happy"
"irresistible","happy"
"irresponsible","happy"
"jaunty","happy"
"jocular","happy"
"joke","happy"
"jokes","happy"
"jolly","happy"
"jovial","happy"
"joy","happy"
"joyful","happy"
"joyfully","happy"
"joyous","happy"
"jubilant","happy"
"justice","happy"
"justifiably","happy"
"justified","happy"
"kind","happy"
"kinder","happy"
"kiss","happy"
"kudos","happy"
"landmark","happy"
"lawl","happy"
"like","happy"
"liked","happy"
"likes","happy"
"lively","happy"
"lol","happy"
"lovable","happy"
"love","happy"
"loved","happy"
"lovelies","happy"
"lovely","happy"
"loving","happy"
"loyal","happy"
"loyalty","happy"
"luck","happy"
"luckily","happy"
"lucky","happy"
"marvel","happy"
"marvelous","happy"
"marvels","happy"
"mature","happy"
"meaningful","happy"
"medal","happy"
"mercy","happy"
"merry","happy"
"methodical","happy"
"mirth","happy"
"mirthful","happy"
"mirthfully","happy"
"motivated","happy"
"motivating","happy"
"nice","happy"
"nifty","happy"
"noble","happy"
"novel","happy"
"obsessed","happy"
"oks","happy"
"ominous","happy"
"once-in-a-lifetime","happy"
"opportunities","happy"
"opportunity","happy"
"optimism","happy"
"optimistic","happy"
"outreach","happy"
"paradise","happy"
"pardon","happy"
"pardoned","happy"
"pardoning","happy"
"pardons","happy"
"passionate","happy"
"peace","happy"
"peaceful","happy"
"peacefully","happy"
"perfect","happy"
"perfected","happy"
"perfectly","happy"
"perfects","happy"
"picturesque","happy"
"playful","happy"
"pleasant","happy"
"pleased","happy"
"pleasure","happy"
"popular","happy"
"positive","happy"
"positively","happy"
"powerful","happy"
"praise","happy"
"praised","happy"
"praises","happy"
"praising","happy"
"privileged","happy"
"proactive","happy"
"progress","happy"
"prominent","happy"
"prosperous","happy"
"proud","happy"
"proudly","happy"
"rapture","happy"
"raptured","happy"
"raptures","happy"
"ratified","happy"
"reassuring","happy"
"recommend","happy"
"recommended","happy"
"recommends","happy"
"redeemed","happy"
"relaxed","happy"
"reliant","happy"
"relieved","happy"
"relieving","happy"
"relishing","happy"
"remarkable","happy"
"rescue","happy"
"rescued","happy"
"rescues","happy"
"resolute","happy"
"resolve","happy"
"resolved","happy"
"resolves","happy"
"resolving","happy"
"respected","happy"
"responsible","happy"
"responsive","happy"
"restful","happy"
"revered","happy"
"revive","happy"
"revives","happy"
"reward","happy"
"rewarded","happy"
"rewarding","happy"
"rewards","happy"
"rich","happy"
"right direction","happy"
"rigorous","happy"
"rigorously","happy"
"robust","happy"
"romance","happy"
"satisfied","happy"
"save","happy"
"saved","happy"
"scoop","happy"
"secure","happy"
"secured","happy"
"secures","happy"
"self-confident","happy"
"serene","happy"
"sexy","happy"
"sincere","happy"
"sincerely","happy"
"sincerest","happy"
"sincerity","happy"
"slick","happy"
"slicker","happy"
"slickest","happy"
"smarter","happy"
"smartest","happy"
"smile","happy"
"smiled","happy"
"smiles","happy"
"smiling","happy"
"solid","happy"
"solidarity","happy"
"soothe","happy"
"soothed","happy"
"soothing","happy"
"sophisticated","happy"
"sparkle","happy"
"sparkles","happy"
"sparkling","happy"
"spirited","happy"
"splendid","happy"
"sprightly","happy"
"stable","happy"
"stamina","happy"
"steadfast","happy"
"stimulating","happy"
"stout","happy"
"strength","happy"
"strengthen","happy"
"strengthened","happy"
"strengthening","happy"
"strengthens","happy"
"strong","happy"
"stronger","happy"
"strongest","happy"
"suave","happy"
"success","happy"
"successful","happy"
"sunshine","happy"
"super","happy"
"superior","happy"
"support","happy"
"supported","happy"
"supportive","happy"
"supports","happy"
"survived","happy"
"surviving","happy"
"survivor","happy"
"sweet","happy"
"swift","happy"
"swiftly","happy"
"sympathetic","happy"
"sympathy","happy"
"tender","happy"
"thank","happy"
"thankful","happy"
"thanks","happy"
"thoughtful","happy"
"tolerant","happy"
"top","happy"
"tops","happy"
"tranquil","happy"
"treasure","happy"
"treasures","happy"
"true","happy"
"trusted","happy"
"unbiased","happy"
"unequaled","happy"
"unstoppable","happy"
"untarnished","happy"
"useful","happy"
"usefulness","happy"
"vibrant","happy"
"vigilant","happy"
"vindicate","happy"
"vindicated","happy"
"vindicates","happy"
"vindicating","happy"
"virtuous","happy"
"visionary","happy"
"vitality","happy"
"vivacious","happy"
"warmth","happy"
"wealth","happy"
"wealthy","happy"
"welcome","happy"
"welcomed","happy"
"welcomes","happy"
"willingness","happy"
"winwin","happy"
"won","happy"
"woo","happy"
"woohoo","happy"
"worshiped","happy"
"worth","happy"
"worthy","happy"
"yeees","happy"
"youthful","happy"
"yummy","happy"
"zealous","happy"
